,discr_hr,_step,_runtime,discr_sr,_timestamp,perceptual_loss,adversarial_loss,content_loss,epoch_test_psnr,epoch_test_ssim,epoch_test_lpips,epoch_test_mae
0,6.215824127197266,773,211,-2.5802853107452393,1654242500,,,,,,,
1,21.854904174804688,1857,474,-7.253464698791504,1654242763,,,,,,,
2,9.175800323486328,1995,495,-5.25858211517334,1654242784,,,,,,,
3,2.576781749725342,2396,579,-0.40338656306266785,1654242868,,,,,,,
4,-1.3558142185211182,2603,633,-4.969845771789551,1654242922,,,,,,,
5,,3116,751,,1654243040,0.09049414098262787,4.0833258628845215,0.04966088384389877,,,,
6,,3700,873,,1654243162,0.11068898439407349,6.528411388397217,0.04540487006306648,,,,
7,11.131998062133789,4124,950,-5.111973285675049,1654243239,,,,,,,
8,,4209,961,,1654243250,0.07590169459581375,3.6918187141418457,0.038983508944511414,,,,
9,8.715676307678223,4690,1064,-1.4102540016174316,1654243353,,,,,,,
10,,4904,1113,,1654243402,0.06626518070697784,3.6104531288146973,0.030160650610923767,,,,
11,,5907,1305,,1654243594,0.09072760492563248,5.183797836303711,0.038889627903699875,,,,
12,14.606813430786133,6336,1402,-6.187822341918945,1654243691,,,,,,,
13,,6429,1414,,1654243703,0.13341638445854187,8.397849082946777,0.04943789914250374,,,,
14,,7230,1580,,1654243869,0.1229701042175293,6.590688228607178,0.05706322193145752,,,,
15,,7793,1673,,1654243962,0.08665580302476883,3.9652256965637207,0.047003548592329025,,,,
16,4.735733985900879,8782,1884,-0.9008912444114685,1654244173,,,,,,,
17,-0.2652150094509125,8916,1901,-0.16957569122314453,1654244190,,,,,,,
18,,9619,2033,,1654244322,0.0934644341468811,3.7397725582122803,0.056066714227199554,,,,
19,,9734,2068,,1654244357,0.05853332206606865,0.498796284198761,0.05354535952210426,,,,
20,,10944,2307,,1654244596,0.0711100697517395,2.838289260864258,0.04272717610001564,,,,
21,,11014,2316,,1654244605,0.09639491140842438,3.3370654582977295,0.06302425265312195,,,,
22,,11401,2386,,1654244675,0.0734151154756546,2.62446928024292,0.04717042297124863,,,,
23,,12044,2532,,1654244821,0.07879826426506042,2.302474021911621,0.055773522704839706,,,,
24,,13063,2726,,1654245015,0.0669073536992073,2.738773822784424,0.03951961547136307,,,,
25,0.3045775890350342,13574,2832,-2.378563642501831,1654245121,,,,,,,
26,1.9085142612457275,13670,2845,-1.874821424484253,1654245134,,,,,,,
27,,13843,2867,,1654245156,0.0769352838397026,3.6552019119262695,0.04038326442241669,,,,
28,,16356,3372,,1654245661,0.07179027795791626,2.790877342224121,0.043881505727767944,,,,
29,2.528456687927246,16562,3419,-0.5263611674308777,1654245708,,,,,,,
30,1.916010856628418,17543,3606,-0.979390025138855,1654245895,,,,,,,
31,,17566,3609,,1654245898,0.056834626942873,3.048187732696533,0.02635275013744831,,,,
32,1.4637060165405273,17707,3627,-0.5732146501541138,1654245916,,,,,,,
33,2.0541253089904785,17818,3661,-2.5274107456207275,1654245950,,,,,,,
34,,17871,3668,,1654245957,0.08129873126745224,4.389129638671875,0.03740743547677994,,,,
35,,18706,3837,,1654246126,0.056423671543598175,1.311792016029358,0.04330575093626976,,,,
36,,20042,4091,,1654246380,0.07649464905261993,3.521216869354248,0.04128248244524002,,,,
37,2.2030904293060303,20057,4093,-1.0012151002883911,1654246382,,,,,,,
38,-2.858520984649658,20093,4097,-3.522063732147217,1654246386,,,,,,,
39,0.4387378394603729,20860,4258,-0.6443930864334106,1654246547,,,,,,,
40,,20879,4260,,1654246549,0.05415007099509239,1.4560627937316895,0.03958944231271744,,,,
41,6.022307395935059,21083,4307,-0.8127424120903015,1654246596,,,,,,,
42,,21597,4394,,1654246683,0.06103535741567612,2.5153956413269043,0.0358814001083374,,,,
43,2.7818069458007812,22108,4500,-2.0234813690185547,1654246789,,,,,,,
44,3.679046154022217,22269,4564,-2.4091153144836426,1654246853,,,,,,,
45,1.145634651184082,22558,4621,-2.1391847133636475,1654246910,,,,,,,
46,9.670825958251953,23025,4701,-3.1128034591674805,1654246990,,,,,,,
47,,23249,4751,,1654247040,0.05535638704895973,0.7350661158561707,0.04800572618842125,,,,
48,,24116,4926,,1654247215,0.08880546689033508,5.930385589599609,0.02950160950422287,,,,
49,,24579,5008,,1654247297,0.07009535282850266,2.7125627994537354,0.0429697260260582,,,,
50,4.577776908874512,25128,5121,-2.2232542037963867,1654247410,,,,,,,
51,3.544055461883545,25325,5166,-1.0868569612503052,1654247455,,,,,,,
52,,26765,5456,,1654247745,0.08683209121227264,4.083132743835449,0.04600076749920845,,,,
53,5.584069728851318,26818,5463,-0.8682896494865417,1654247752,,,,,,,
54,-0.5442644953727722,27197,5532,-2.0204050540924072,1654247821,,,,,,,
55,,27742,5643,,1654247932,0.08110696077346802,4.0636773109436035,0.0404701866209507,,,,
56,6.409665584564209,27761,5646,-1.4153579473495483,1654247935,,,,,,,
57,-1.6717844009399414,29053,5894,-3.2972795963287354,1654248183,,,,,,,
58,2.6725053787231445,29105,5900,-0.21099978685379028,1654248189,,,,,,,
59,-0.5594136118888855,29565,6001,-4.109102725982666,1654248290,,,,,,,
60,,29648,6011,,1654248300,0.039758458733558655,1.2339699268341064,0.02741875872015953,,,,
61,3.1707539558410645,31216,6315,0.09177085757255554,1654248604,,,,,,,
62,8.388106346130371,31252,6320,0.03630775213241577,1654248609,,,,,,,
63,7.149889945983887,31407,6361,-2.032559394836426,1654248650,,,,,,,
64,1.7823991775512695,31656,6413,-3.6893465518951416,1654248702,,,,,,,
65,3.305971622467041,31973,6475,-2.211158275604248,1654248764,,,,,,,
66,2.8813259601593018,32308,6539,-3.075684070587158,1654248828,,,,,,,
67,0.28299635648727417,32515,6586,-2.3981573581695557,1654248875,,,,,,,
68,,32662,6605,,1654248894,0.08495157212018967,2.4943923950195312,0.06000765040516853,,,,
69,0.6329776644706726,35342,7136,-3.5362892150878906,1654249425,,,,,,,
70,0.9024337530136108,35880,7246,1.606068730354309,1654249535,,,,,,,
71,5.767297267913818,35934,7253,-2.5219390392303467,1654249542,,,,,,,
72,,36049,7268,,1654249557,0.05836350470781326,2.2345662117004395,0.03601784259080887,,,,
73,,36108,7296,,1654249585,0.0793074369430542,5.112290382385254,0.02818453125655651,,,,
74,3.9359116554260254,36662,7387,-1.66404390335083,1654249676,,,,,,,
75,,37115,7487,,1654249776,0.0430949330329895,1.1654739379882812,0.03144019469618797,,,,
76,,37137,7489,,1654249778,0.054332226514816284,2.948596477508545,0.024846265092492104,,,,
77,,37167,7493,,1654249782,0.0525592640042305,1.5749166011810303,0.036810100078582764,,,,
78,5.465260982513428,37547,7562,-2.889796257019043,1654249851,,,,,,,
79,2.403057098388672,37872,7624,-2.148226737976074,1654249913,,,,,,,
80,,38227,7711,,1654250000,0.07745882868766785,3.3106064796447754,0.04435276612639427,,,,
81,,38702,7795,,1654250084,0.05943165719509125,1.6944931745529175,0.04248672351241112,,,,
82,5.924318790435791,39167,7896,-3.314302921295166,1654250185,,,,,,,
83,,39553,7966,,1654250255,0.05293124169111252,1.793219804763794,0.03499904274940491,,,,
84,4.051278591156006,39660,7980,-2.193589687347412,1654250269,,,,,,,
85,1.7738749980926514,40058,8072,-4.080110549926758,1654250361,,,,,,,
86,2.842771053314209,40605,8163,-1.0347118377685547,1654250452,,,,,,,
87,3.1268720626831055,41529,8364,-3.391040325164795,1654250653,,,,,,,
88,,42429,8541,,1654250830,0.0815708339214325,3.5729403495788574,0.04584142938256264,,,,
89,,42752,8603,,1654250892,0.04612065851688385,1.995042085647583,0.026170238852500916,,,,
90,7.34313440322876,43537,8745,-0.06810152530670166,1654251034,,,,,,,
91,,43653,8781,,1654251070,0.0776297003030777,2.610313892364502,0.05152655765414238,,,,
92,-1.105521559715271,43872,8809,-5.068437576293945,1654251098,,,,,,,
93,,44208,8872,,1654251161,0.032593920826911926,0.3224584758281708,0.029369337484240532,,,,
94,,44634,8992,,1654251281,0.06637783348560333,3.358096122741699,0.03279687464237213,,,,
95,,44977,9056,,1654251345,0.06335105746984482,3.091571807861328,0.032435342669487,,,,
96,,45641,9182,,1654251471,0.05797649174928665,2.555650472640991,0.03241998702287674,,,,
97,,46348,9336,,1654251625,0.05801994353532791,2.388861894607544,0.03413132578134537,,,,
98,,46372,9339,,1654251628,0.05175008624792099,1.8776592016220093,0.03297349438071251,,,,
99,6.484135150909424,47073,9472,-0.974390983581543,1654251761,,,,,,,
100,,47090,9474,,1654251763,0.08067726343870163,4.17233419418335,0.03895392268896103,,,,
101,,47116,9477,,1654251766,0.03614313155412674,0.2438446581363678,0.03370468318462372,,,,
102,-1.6984121799468994,47121,9478,-3.871401309967041,1654251767,,,,,,,
103,,47526,9573,,1654251862,0.03845687210559845,0.49574050307273865,0.03349946811795235,,,,
104,0.08123955130577087,47541,9575,-3.390144109725952,1654251864,,,,,,,
105,,50379,10132,,1654252421,0.08262170851230621,2.6472415924072266,0.05614929646253586,,,,
106,,50823,10232,,1654252521,0.047453977167606354,1.5521881580352783,0.03193209692835808,,,,
107,2.8943827152252197,52294,10504,-0.40978747606277466,1654252793,,,,,,,
108,,52895,10622,,1654252911,0.07436466217041016,3.5348100662231445,0.03901655972003937,,,,
109,3.1219584941864014,53071,10666,1.7420016527175903,1654252955,,,,,,,
110,,53327,10719,,1654253008,0.07240000367164612,2.7905068397521973,0.04449493810534477,,,,
111,,53786,10799,,1654253088,0.06509765237569809,3.4690587520599365,0.030407069250941277,,,,
112,2.44698429107666,54090,10859,-2.6092727184295654,1654253148,,,,,,,
113,3.5970494747161865,54580,10964,0.17915990948677063,1654253253,,,,,,,
114,1.5255953073501587,58768,11797,-2.0892066955566406,1654254086,,,,,,,
115,,59154,11867,,1654254156,0.06464623659849167,2.747971773147583,0.037166520953178406,,,,
116,2.8021395206451416,61834,12400,-1.7972835302352905,1654254689,,,,,,,
117,0.34107506275177,62789,12586,-4.031618595123291,1654254875,,,,,,,
118,,63384,12704,,1654254993,0.04327081888914108,1.1626453399658203,0.031644366681575775,,,,
119,,64418,12921,,1654255210,0.05162607505917549,1.7923702001571655,0.03370237350463867,,,,
120,,64901,13004,,1654255293,0.0418112576007843,0.8703370094299316,0.03310788795351982,,,,
121,,64960,13033,,1654255322,0.05893075466156006,1.0111531019210815,0.048819225281476974,,,,
122,,65425,13113,,1654255402,0.04242474213242531,1.3412320613861084,0.029012421146035194,,,,
123,,65768,13178,,1654255467,0.056195519864559174,1.5460619926452637,0.040734898298978806,,,,
124,3.15576171875,65795,13181,0.4659630060195923,1654255470,,,,,,,
125,,66370,13297,,1654255586,0.09969961643218994,4.026699066162109,0.059432629495859146,,,,
126,0.2792895436286926,66480,13332,-2.9401841163635254,1654255621,,,,,,,
127,2.5053439140319824,66668,13356,-0.45913049578666687,1654255645,,,,,,,
128,4.637452602386475,66925,13433,-0.07335397601127625,1654255722,,,,,,,
129,2.4445152282714844,67276,13499,-1.4571995735168457,1654255788,,,,,,,
130,3.497958183288574,67429,13539,-1.2900946140289307,1654255828,,,,,,,
131,,67618,13563,,1654255852,0.06974829733371735,1.9542638063430786,0.05020565539598465,,,,
132,0.9035966396331787,67995,13653,-3.362154960632324,1654255942,,,,,,,
133,,68999,13844,,1654256133,0.0804714784026146,3.855587959289551,0.04191559925675392,,,,
134,,70321,14099,,1654256388,0.04907442256808281,1.1240780353546143,0.03783364221453667,,,,
135,2.3664965629577637,70361,14126,-0.4905925393104553,1654256415,,,,,,,
136,-0.07637035846710205,71099,14265,-3.3457086086273193,1654256554,,,,,,,
137,-0.11753804981708527,71157,14272,-2.3144590854644775,1654256561,,,,,,,
138,,72814,14615,,1654256904,0.062008652836084366,2.2927017211914062,0.0390816368162632,,,,
139,,73153,14680,,1654256969,0.04476664960384369,1.9287033081054688,0.025479614734649658,,,,
140,1.784109354019165,74081,14863,-1.1994478702545166,1654257152,,,,,,,
141,,74168,14874,,1654257163,0.08613374829292297,3.703960657119751,0.04909414052963257,,,,
142,2.186082124710083,74422,14928,-0.7516458034515381,1654257217,,,,,,,
143,1.9080455303192139,74597,14971,-2.5085105895996094,1654257260,,,,,,,
144,1.2630326747894287,75044,15050,-3.9814529418945312,1654257339,,,,,,,
145,2.0462872982025146,75514,15152,-1.4448349475860596,1654257441,,,,,,,
146,,75922,15225,,1654257514,0.03893352299928665,1.9901753664016724,0.019031768664717674,,,,
147,,76233,15291,,1654257580,0.06466455012559891,2.395634651184082,0.040708206593990326,,,,
148,,76283,15297,,1654257586,0.06445923447608948,3.3160104751586914,0.03129912540316582,,,,
149,5.052586555480957,76377,15330,0.5734586715698242,1654257619,,,,,,,
150,3.5485289096832275,76543,15352,-0.5072656273841858,1654257641,,,,,,,
151,,77539,15543,,1654257832,0.06378648430109024,2.3195619583129883,0.04059086740016937,,,,
152,,77997,15644,,1654257933,0.08739450573921204,4.152777194976807,0.04586673527956009,,,,
153,2.2424755096435547,78470,15747,-2.9694385528564453,1654258036,,,,,,,
154,,79309,15896,,1654258185,0.06014794111251831,2.4393746852874756,0.03575419634580612,,,,
155,1.9381240606307983,79816,16003,-3.327273368835449,1654258292,,,,,,,
156,1.8672385215759277,80290,16106,-2.090635061264038,1654258395,,,,,,,
157,-0.5974997878074646,80621,16169,-4.579399108886719,1654258458,,,,,,,
158,7.503767967224121,81618,16360,0.9657522439956665,1654258649,,,,,,,
159,,81641,16363,,1654258652,0.05189763754606247,2.697714328765869,0.024920493364334106,,,,
160,-0.6259764432907104,81991,16429,-6.2340898513793945,1654258718,,,,,,,
161,,83431,16720,,1654259009,0.061508648097515106,1.1048822402954102,0.05045982822775841,,,,
162,,83696,16775,,1654259064,0.06293906271457672,2.806307077407837,0.03487599641084671,,,,
163,,83979,16833,,1654259122,0.04809211567044258,1.4657886028289795,0.03343423083424568,,,,
164,1.1266156435012817,84311,16897,-5.107021808624268,1654259186,,,,,,,
165,,85052,17034,,1654259323,0.04822583496570587,2.441155433654785,0.023814283311367035,,,,
166,5.456760883331299,85521,17138,-0.27222174406051636,1654259427,,,,,,,
167,2.3316640853881836,86318,17304,-2.921696662902832,1654259593,,,,,,,
168,5.02191686630249,86336,17306,-0.5281672477722168,1654259595,,,,,,,
169,4.370603561401367,87213,17484,-4.302370071411133,1654259773,,,,,,,
170,3.0244393348693848,87883,17612,-3.022031307220459,1654259901,,,,,,,
171,,87906,17615,,1654259904,0.05838874727487564,2.5326642990112305,0.033062104135751724,,,,
172,,87966,17623,,1654259912,0.04837886244058609,2.5927600860595703,0.022451262921094894,,,,
173,,88103,17663,,1654259952,0.04255256429314613,1.5977534055709839,0.026575030758976936,,,,
174,,90013,18060,,1654260349,0.08170720934867859,0.7653480172157288,0.07405372709035873,,,,
175,,90047,18064,,1654260353,0.05671437084674835,2.943420648574829,0.027280166745185852,,,,
176,,90324,18121,,1654260410,0.042943887412548065,2.680586814880371,0.016138017177581787,,,,
177,1.776503324508667,90793,18224,-6.866469860076904,1654260513,,,,,,,
178,,91512,18358,,1654260647,0.06635275483131409,4.015356540679932,0.02619919367134571,,,,
179,2.106147050857544,91643,18375,-3.721801519393921,1654260664,,,,,,,
180,5.026330471038818,94085,18864,-3.218400478363037,1654261153,,,,,,,
181,,95022,19071,,1654261360,0.0609140619635582,2.0627009868621826,0.04028705507516861,,,,
182,7.081107139587402,95149,19087,-2.1518807411193848,1654261376,,,,,,,
183,-0.9207920432090759,95532,19158,-6.195553302764893,1654261447,,,,,,,
184,,95575,19163,,1654261452,0.08645839989185333,5.365207672119141,0.03280632197856903,,,,
185,,95830,19218,,1654261507,0.07544824481010437,2.724079132080078,0.04820745438337326,,,,
186,5.223966598510742,96251,19316,-4.009143829345703,1654261605,,,,,,,
187,,96398,19334,,1654261623,0.07561269402503967,3.302554130554199,0.04258715361356735,,,,
188,4.186197280883789,96700,19395,-3.343099594116211,1654261684,,,,,,,
189,9.275593757629395,96724,19398,-1.7379926443099976,1654261687,,,,,,,
190,,97175,19498,,1654261787,0.1044091135263443,6.738561630249023,0.037023503333330154,,,,
191,1.4372514486312866,97360,19522,-6.469664573669434,1654261811,,,,,,,
192,-0.9524779319763184,97790,19620,-4.953717231750488,1654261909,,,,,,,
193,6.037728309631348,97894,19633,-4.395969867706299,1654261922,,,,,,,
194,-2.2548069953918457,97968,19643,-8.58173656463623,1654261932,,,,,,,
195,1.0900471210479736,99196,19885,-2.9635238647460938,1654262174,,,,,,,
196,5.899073123931885,100392,20124,-4.062653541564941,1654262413,,,,,,,
197,,101014,20273,,1654262562,0.06746365875005722,1.5385477542877197,0.052078183740377426,,,,
198,,101308,20311,,1654262600,0.08269566297531128,3.3067355155944824,0.049628306180238724,,,,
199,14.093017578125,101500,20357,-2.34928560256958,1654262646,,,,,,,
200,10.85477066040039,103093,20670,-4.041735649108887,1654262959,,,,,,,
201,5.617794036865234,103366,20727,-1.8533004522323608,1654263016,,,,,,,
202,,104852,21026,,1654263315,0.08486654609441757,3.13600492477417,0.05350649729371071,,,,
203,,105093,21079,,1654263368,0.13672083616256714,10.306203842163086,0.03365879878401756,,,,
204,11.433250427246094,106130,21299,-2.3292737007141113,1654263588,,,,,,,
205,,106470,21363,,1654263652,0.08434274792671204,5.683499336242676,0.027507752180099487,,,,
206,,106793,21427,,1654263716,0.0704859122633934,4.118512153625488,0.029300790280103683,,,,
207,,107200,21500,,1654263789,0.10038143396377563,5.989045143127441,0.04049098864197731,,,,
208,9.591272354125977,109053,21868,-3.005505084991455,1654264157,,,,,,,
209,0.6848511099815369,109254,21916,-6.336308479309082,1654264205,,,,,,,
210,,110959,22266,,1654264555,0.10010747611522675,4.422445297241211,0.055883023887872696,,,,
211,8.175512313842773,111082,22281,-3.924055814743042,1654264570,,,,,,,
212,11.655617713928223,111132,22288,-1.859370470046997,1654264577,,,,,,,
213,4.330280303955078,111279,22352,-4.5526018142700195,1654264641,,,,,,,
214,,112147,22528,,1654264817,0.08598018437623978,5.27159309387207,0.03326425328850746,,,,
215,2.0505828857421875,114748,23038,-8.065364837646484,1654265327,,,,,,,
216,6.934790134429932,114841,23072,-7.261345863342285,1654265361,,,,,,,
217,4.045295715332031,115049,23099,-6.43865966796875,1654265388,,,,,,,
218,7.4625563621521,115196,23139,-6.087231636047363,1654265428,,,,,,,
219,9.11979866027832,115828,23264,-1.7704334259033203,1654265553,,,,,,,
220,,116312,23349,,1654265638,0.09692336618900299,5.598114967346191,0.04094221442937851,,,,
221,,116383,23381,,1654265670,0.07957900315523148,3.455960750579834,0.045019395649433136,,,,
222,,116475,23392,,1654265681,0.06014580279588699,2.6277525424957275,0.033868275582790375,,,,
223,,116575,23405,,1654265694,0.059788916260004044,3.188570499420166,0.027903210371732712,,,,
224,,116916,23472,,1654265761,0.05335114896297455,2.020015239715576,0.03315099701285362,,,,
225,6.281789302825928,117245,23559,-3.3783397674560547,1654265848,,,,,,,
226,,118504,23807,,1654266096,0.05595629662275314,2.9704251289367676,0.02625204622745514,,,,
227,6.849489212036133,119004,23893,-1.72278892993927,1654266182,,,,,,,
228,12.69350814819336,119944,24101,-3.821561336517334,1654266390,,,,,,,
229,,120019,24111,,1654266400,0.07391132414340973,3.876760482788086,0.035143718123435974,,,,
230,7.1278886795043945,120054,24115,-3.7523138523101807,1654266404,,,,,,,
231,4.9760236740112305,120640,24234,-2.1770756244659424,1654266523,,,,,,,
232,7.384599685668945,121035,24306,-4.667879581451416,1654266595,,,,,,,
233,8.782219886779785,121294,24362,-3.954995632171631,1654266651,,,,,,,
234,,121397,24375,,1654266664,0.111748106777668,8.031108856201172,0.031437017023563385,,,,
235,4.705489158630371,125317,25162,-7.328336238861084,1654267451,,,,,,,
236,,125334,25164,,1654267453,0.07623325288295746,4.090011119842529,0.03533313795924187,,,,
237,7.453404426574707,125552,25213,-4.01743745803833,1654267502,,,,,,,
238,9.839197158813477,125695,25253,-0.33802828192710876,1654267542,,,,,,,
239,,126757,25454,,1654267743,0.07026060670614243,3.067753791809082,0.03958306834101677,,,,
240,,126892,25493,,1654267782,0.07603231817483902,4.517439365386963,0.03085792250931263,,,,
241,,127542,25619,,1654267908,0.07362961769104004,3.8399386405944824,0.035230230540037155,,,,
242,9.190486907958984,127709,25641,-6.047513008117676,1654267930,,,,,,,
243,,127861,25682,,1654267971,0.06521788239479065,2.452791213989258,0.040689971297979355,,,,
244,,129121,25930,,1654268219,0.10513988137245178,5.394377708435059,0.051196109503507614,,,,
245,7.567743301391602,129726,26051,-7.15704870223999,1654268340,,,,,,,
246,9.296184539794922,130208,26156,-7.2073564529418945,1654268445,,,,,,,
247,12.530298233032227,130699,26240,-4.812339782714844,1654268529,,,,,,,
248,7.763021469116211,130739,26245,-5.855092525482178,1654268534,,,,,,,
249,,130783,26280,,1654268569,0.062298767268657684,3.2412214279174805,0.029886554926633835,,,,
250,9.038423538208008,130952,26301,-3.088129997253418,1654268590,,,,,,,
251,13.463799476623535,130986,26306,-7.673539638519287,1654268595,,,,,,,
252,6.616175651550293,131676,26439,-6.745786666870117,1654268728,,,,,,,
253,,131712,26466,,1654268755,0.05871617794036865,3.4193038940429688,0.024523138999938965,,,,
254,,131860,26485,,1654268774,0.10101889073848724,6.36859130859375,0.03733298182487488,,,,
255,6.590407371520996,132993,26718,-2.7449471950531006,1654269007,,,,,,,
256,,133993,26937,,1654269226,0.09128541499376297,6.425703048706055,0.027028389275074005,,,,
257,,134001,26938,,1654269227,0.08446121215820312,6.483710289001465,0.019624117761850357,,,,
258,,135121,27169,,1654269458,0.07139937579631805,4.653435230255127,0.02486502192914486,,,,
259,,135388,27225,,1654269514,0.12022625654935837,7.894503593444824,0.04128122329711914,,,,
260,,136738,27486,,1654269775,0.07665450125932693,2.3581736087799072,0.053072765469551086,,,,
261,,137549,27658,,1654269947,0.11919669806957245,6.849583148956299,0.05070086941123009,,,,
262,8.314497947692871,137606,27665,-3.4900283813476562,1654269954,,,,,,,
263,0.9842490553855896,138957,27951,-7.9139323234558105,1654270240,,,,,,,
264,,139628,28083,,1654270372,0.08372801542282104,4.251368522644043,0.04121432825922966,,,,
265,8.547101020812988,139733,28097,-6.0374836921691895,1654270386,,,,,,,
266,8.84212589263916,140004,28154,-1.4497203826904297,1654270443,,,,,,,
267,,140276,28211,,1654270500,0.0869947075843811,3.3703768253326416,0.053290944546461105,,,,
268,,140395,28248,,1654270537,0.11218322813510895,5.524190902709961,0.05694132298231125,,,,
269,7.223876953125,140474,28259,-2.4401607513427734,1654270548,,,,,,,
270,1.0443907976150513,140622,28277,-8.54130744934082,1654270566,,,,,,,
271,10.011358261108398,141100,28383,0.011193603277206421,1654270672,,,,,,,
272,7.188242435455322,142153,28585,-5.554264545440674,1654270874,,,,,,,
273,8.007699012756348,142493,28673,-3.1608142852783203,1654270962,,,,,,,
274,11.196392059326172,142689,28698,-1.925476312637329,1654270987,,,,,,,
275,,142712,28701,,1654270990,0.127116858959198,8.856281280517578,0.03855404630303383,,,,
276,,142762,28707,,1654270996,0.0479598268866539,2.094851016998291,0.027011314406991005,,,,
277,11.112893104553223,142876,28744,-5.212693214416504,1654271033,,,,,,,
278,7.527681350708008,143187,28806,-4.322986602783203,1654271095,,,,,,,
279,15.804555892944336,143189,28806,-1.909111738204956,1654271095,,,,,,,
280,9.535804748535156,144433,29055,-5.670470714569092,1654271344,,,,,,,
281,,144440,29056,,1654271345,0.06444154679775238,2.81471848487854,0.0362943597137928,,,,
282,,144665,29107,,1654271396,0.0681287944316864,5.214771747589111,0.015981080010533333,,,,
283,,145546,29287,,1654271576,0.08586743474006653,4.519082069396973,0.04067661240696907,,,,
284,,145680,29304,,1654271593,0.07473307847976685,4.023702144622803,0.034496061503887177,,,,
285,3.4875051975250244,145928,29358,-9.987627029418945,1654271647,,,,,,,
286,,147263,29619,,1654271908,0.09327436983585358,6.089414119720459,0.032380226999521255,,,,
287,,147498,29671,,1654271960,0.07053721696138382,4.287568092346191,0.027661535888910294,,,,
288,,148712,29917,,1654272206,0.08078934997320175,5.5075507164001465,0.0257138442248106,,,,
289,,149112,30013,,1654272302,0.10544069856405258,5.257998466491699,0.05286071449518204,,,,
290,,149132,30015,,1654272304,0.12346087396144867,7.892551898956299,0.044535357505083084,,,,
291,20.61135482788086,149508,30085,-3.3690035343170166,1654272374,,,,,,,
292,3.870453357696533,149935,30162,-6.049821853637695,1654272451,,,,,,,
293,7.927583694458008,150337,30258,-5.374427795410156,1654272547,,,,,,,
294,,151371,30457,,1654272746,0.1636471450328827,4.363119125366211,0.120015949010849,,,,
295,,152152,30623,,1654272912,0.0865909606218338,5.060364246368408,0.03598732128739357,,,,
296,13.671478271484375,152793,30750,-1.8419088125228882,1654273039,,,,,,,
297,,153982,30991,,1654273280,0.08896654844284058,3.8587646484375,0.05037890747189522,,,,
298,11.719561576843262,154587,31113,-3.82639217376709,1654273402,,,,,,,
299,2.674772262573242,154789,31138,-6.664585113525391,1654273427,,,,,,,
300,-0.149239182472229,155159,31231,-7.36010217666626,1654273520,,,,,,,
301,6.942058086395264,155357,31256,-8.378030776977539,1654273545,,,,,,,
302,6.0606770515441895,155915,31396,-4.737354278564453,1654273685,,,,,,,
303,,157134,31640,,1654273929,0.06808824092149734,3.91750168800354,0.02891322784125805,,,,
304,,157752,31764,,1654274053,0.1198788583278656,7.816948890686035,0.04170937091112137,,,,
305,7.422263145446777,158401,31891,-8.642141342163086,1654274180,,,,,,,
306,,161421,32527,,1654274816,0.08835382759571075,4.74252462387085,0.040928587317466736,,,,
307,,161497,32537,,1654274826,0.07613220810890198,4.0672454833984375,0.03545975685119629,,,,
308,,161722,32590,,1654274879,0.11732504516839981,7.4088897705078125,0.043236151337623596,,,,
309,5.207099914550781,161791,32599,-8.062300682067871,1654274888,,,,,,,
310,,161950,32619,,1654274908,0.08643943071365356,3.7423152923583984,0.04901627451181412,,,,
311,7.874600410461426,163547,32962,-4.127594470977783,1654275251,,,,,,,
312,3.238337516784668,165722,33400,-6.8577752113342285,1654275689,,,,,,,
313,3.043792963027954,167963,33856,-6.076913833618164,1654276145,,,,,,,
314,6.04553747177124,168326,33925,-5.978567600250244,1654276214,,,,,,,
315,,168851,34038,,1654276327,0.046485040336847305,2.0850021839141846,0.025635018944740295,,,,
316,2.1570041179656982,169246,34135,-5.376768112182617,1654276424,,,,,,,
317,20.593978881835938,169300,34141,-0.43745994567871094,1654276430,,,,,,,
318,15.375402450561523,171465,34578,-6.154239177703857,1654276867,,,,,,,
319,9.372672080993652,172151,34712,-7.260613918304443,1654277001,,,,,,,
320,,173818,35064,,1654277353,0.11167338490486145,5.210933685302734,0.059564054012298584,,,,
321,11.273069381713867,174920,35275,-1.3950539827346802,1654277564,,,,,,,
322,,176665,35635,,1654277924,0.05286432057619095,1.7677867412567139,0.03518645092844963,,,,
323,1.844029426574707,179253,36197,-10.62663459777832,1654278486,,,,,,,
324,,180099,36373,,1654278662,0.09280336648225784,6.103376388549805,0.03176960349082947,,,,
325,,180412,36435,,1654278724,0.14287027716636658,9.600137710571289,0.046868909150362015,,,,
326,,180743,36501,,1654278790,0.0979124903678894,4.868593215942383,0.049226559698581696,,,,
327,8.147134780883789,180788,36506,-6.703054428100586,1654278795,,,,,,,
328,,180797,36507,,1654278796,0.1297900229692459,8.920581817626953,0.04058420658111572,,,,
329,,180954,36550,,1654278839,0.05900842696428299,3.593654155731201,0.023071886971592903,,,,
330,,181529,36646,,1654278935,0.09975197166204453,5.609537124633789,0.0436566025018692,,,,
331,,181824,36707,,1654278996,0.10461723059415817,6.868694305419922,0.035930290818214417,,,,
332,,182248,36808,,1654279097,0.09542197734117508,6.951817035675049,0.02590380795300007,,,,
333,,182940,36942,,1654279231,0.11428196728229523,7.0421462059021,0.04386051371693611,,,,
334,,184399,37244,,1654279533,0.1481950283050537,10.76282024383545,0.04056683927774429,,,,
335,10.670014381408691,184579,37293,-5.359248161315918,1654279582,,,,,,,
336,,184768,37317,,1654279606,0.09296931326389313,5.468841552734375,0.0382809042930603,,,,
337,12.185968399047852,184880,37354,-2.237295150756836,1654279643,,,,,,,
338,9.286842346191406,184992,37368,-2.8822426795959473,1654279657,,,,,,,
339,,185364,37441,,1654279730,0.11613348126411438,7.582365036010742,0.040309835225343704,,,,
340,,185432,37450,,1654279739,0.15820498764514923,12.038214683532715,0.037822846323251724,,,,
341,,185489,37480,,1654279769,0.11760338395833969,7.39544677734375,0.04364892095327377,,,,
342,4.331219673156738,186146,37610,-8.870964050292969,1654279899,,,,,,,
343,5.75669002532959,186684,37725,-10.101558685302734,1654280014,,,,,,,
344,6.81427001953125,187733,37928,-2.4746756553649902,1654280217,,,,,,,
345,8.172945022583008,188666,38115,-5.216087818145752,1654280404,,,,,,,
346,3.1599302291870117,189720,38341,-6.700139045715332,1654280630,,,,,,,
347,,190509,38487,,1654280776,0.08612799644470215,5.644407749176025,0.029683925211429596,,,,
348,6.733413219451904,190727,38538,-3.261040449142456,1654280827,,,,,,,
349,5.027624607086182,190859,38554,-5.653392791748047,1654280843,,,,,,,
350,,191242,38649,,1654280938,0.08481527864933014,2.9801130294799805,0.05501415207982063,,,,
351,8.746500968933105,191453,38676,-10.07288646697998,1654280965,,,,,,,
352,8.6737060546875,191977,38788,-10.337011337280273,1654281077,,,,,,,
353,7.072938919067383,192013,38793,-7.015548229217529,1654281082,,,,,,,
354,,193604,39134,,1654281423,0.09759436547756195,6.3024797439575195,0.03456956520676613,,,,
355,5.101136207580566,193841,39164,-10.480204582214355,1654281453,,,,,,,
356,,193872,39168,,1654281457,0.08062855154275894,5.5632147789001465,0.024996403604745865,,,,
357,16.65743637084961,193944,39200,-5.376915454864502,1654281489,,,,,,,
358,8.643684387207031,194227,39260,-10.13972282409668,1654281549,,,,,,,
359,7.467585563659668,194576,39327,-8.569034576416016,1654281616,,,,,,,
360,,195564,39522,,1654281811,0.122283935546875,8.447189331054688,0.03781205043196678,,,,
361,,196441,39704,,1654281993,0.0748046338558197,4.113211154937744,0.033672526478767395,,,,
362,13.130598068237305,197893,40005,-3.7354578971862793,1654282294,,,,,,,
363,9.380134582519531,197895,40005,-7.088234901428223,1654282294,,,,,,,
364,,199140,40257,,1654282546,0.07574351131916046,3.5256738662719727,0.04048676788806915,,,,
365,6.328685283660889,199161,40260,-5.5252156257629395,1654282549,,,,,,,
366,5.110206127166748,199181,40263,-7.986891746520996,1654282552,,,,,,,
367,10.729314804077148,200253,40518,-4.551630973815918,1654282807,,,,,,,
368,,201410,40759,,1654283048,0.1437038779258728,11.622997283935547,0.027473900467157364,,,,
369,11.918739318847656,201467,40766,-3.066772222518921,1654283055,,,,,,,
370,,203081,41087,,1654283376,0.10417091846466064,5.101102828979492,0.053159892559051514,,,,
371,,203175,41099,,1654283388,0.09151047468185425,5.263172149658203,0.03887875750660896,,,,
372,,204155,41317,,1654283606,0.12745916843414307,7.901723861694336,0.04844193905591965,,,,
373,,205706,41633,,1654283922,0.10753695666790009,7.512420654296875,0.03241274878382683,,,,
374,,206318,41758,,1654284047,0.11447706818580627,7.051761627197266,0.04395945370197296,,,,
375,7.209714889526367,206463,41777,-7.399725914001465,1654284066,,,,,,,
376,13.372673034667969,207429,41996,-1.9185140132904053,1654284285,,,,,,,
377,6.941934585571289,208037,42123,-7.046825885772705,1654284412,,,,,,,
378,,208347,42186,,1654284475,0.06333325803279877,4.319416046142578,0.020139096304774284,,,,
379,,208557,42213,,1654284502,0.08282692730426788,4.027145862579346,0.04255547374486923,,,,
380,,208878,42277,,1654284566,0.08534830808639526,5.6689653396606445,0.028658652678132057,,,,
381,4.919456958770752,208879,42278,-5.66389274597168,1654284567,,,,,,,
382,,209938,42508,,1654284797,0.11904949694871902,8.390090942382812,0.03514859080314636,,,,
383,2.0213217735290527,210091,42528,-9.1746244430542,1654284817,,,,,,,
384,,210225,42569,,1654284858,0.13401103019714355,2.738595962524414,0.10662507265806198,,,,
385,17.165584564208984,210659,42648,-3.9363608360290527,1654284937,,,,,,,
386,9.083489418029785,211099,42763,-6.876979827880859,1654285052,,,,,,,
387,6.343787670135498,211159,42771,-7.032680511474609,1654285060,,,,,,,
388,9.482141494750977,211299,42789,-6.264469146728516,1654285078,,,,,,,
389,,211312,42790,,1654285079,0.09844167530536652,5.9243268966674805,0.039198409765958786,,,,
390,4.077936172485352,211358,42820,-4.932598114013672,1654285109,,,,,,,
391,10.660852432250977,211783,42899,-8.520894050598145,1654285188,,,,,,,
392,,212143,42969,,1654285258,0.12981675565242767,9.121914863586426,0.038597606122493744,,,,
393,4.698121547698975,212291,43011,-6.849152565002441,1654285300,,,,,,,
394,15.036678314208984,213015,43151,-2.876314640045166,1654285440,,,,,,,
395,13.357295989990234,213119,43164,-4.810528755187988,1654285453,,,,,,,
396,,213179,43196,,1654285485,0.06747469305992126,2.8616223335266113,0.03885846585035324,,,,
397,,213805,43323,,1654285612,0.11162131279706955,5.927677154541016,0.05234454199671745,,,,
398,21.944719314575195,214390,43446,-1.0162765979766846,1654285735,,,,,,,
399,,214627,43476,,1654285765,0.11168479919433594,7.54865026473999,0.03619829937815666,,,,
400,,215061,43578,,1654285867,0.12229165434837341,8.670309066772461,0.03558856621384621,,,,
401,8.66891098022461,215078,43580,-7.233063697814941,1654285869,,,,,,,
402,3.170684337615967,215098,43583,-10.896171569824219,1654285872,,,,,,,
403,9.717878341674805,216774,43938,-6.818296432495117,1654286227,,,,,,,
404,,217529,44082,,1654286371,0.11424679309129715,7.672285556793213,0.037523940205574036,,,,
405,,217557,44085,,1654286374,0.08605535328388214,5.233085632324219,0.033724501729011536,,,,
406,7.3554463386535645,217657,44122,-7.348720073699951,1654286411,,,,,,,
407,11.506939888000488,217825,44143,-7.719583988189697,1654286432,,,,,,,
408,9.21342945098877,217996,44190,-2.1959681510925293,1654286479,,,,,,,
409,13.148979187011719,218503,44278,-1.951991081237793,1654286567,,,,,,,
410,,218990,44388,,1654286677,0.1074480414390564,7.745802402496338,0.02999001368880272,,,,
411,,219044,44395,,1654286684,0.08553377538919449,6.065784454345703,0.024875929579138756,,,,
412,,219144,44432,,1654286721,,,,16.826,0.4746,0.3214,0.1282
413,,219624,44517,,1654286806,0.07062742114067078,4.348941802978516,0.027138004079461098,,,,
414,10.8495454788208,219679,44524,-6.174095630645752,1654286813,,,,,,,
415,11.617937088012695,220847,44770,-10.13392162322998,1654287059,,,,,,,
416,4.117319583892822,222366,45085,-8.700571060180664,1654287374,,,,,,,
417,,223056,45271,,1654287560,0.12207578867673874,7.527484893798828,0.04680094122886658,,,,
418,,223162,45284,,1654287573,0.09154724329710007,5.70194149017334,0.03452783077955246,,,,
419,11.765262603759766,223536,45356,-4.5612030029296875,1654287645,,,,,,,
420,6.087820053100586,223940,45455,-6.782627105712891,1654287744,,,,,,,
421,,224649,45593,,1654287882,0.08664928376674652,4.948721885681152,0.03716206178069115,,,,
422,,224669,45595,,1654287884,0.11400149762630463,7.362888813018799,0.040372610092163086,,,,
423,,224910,45650,,1654287939,0.06088674068450928,3.603419780731201,0.02485254593193531,,,,
424,7.290664196014404,225388,45735,-3.6564812660217285,1654288024,,,,,,,
425,,225456,45767,,1654288056,0.11115556210279465,7.011129856109619,0.041044265031814575,,,,
426,14.073765754699707,225782,45833,-4.461123466491699,1654288122,,,,,,,
427,,226326,45926,,1654288215,0.08371594548225403,5.62603759765625,0.02745557203888893,,,,
428,9.449895858764648,226360,45955,-5.843940734863281,1654288244,,,,,,,
429,21.12639808654785,226913,46049,-4.83967399597168,1654288338,,,,,,,
430,,227047,46090,,1654288379,0.07790669798851013,4.289031028747559,0.03501638397574425,,,,
431,14.58304214477539,227228,46113,-5.054445266723633,1654288402,,,,,,,
432,,227659,46217,,1654288506,0.09444130212068558,6.935849189758301,0.02508281171321869,,,,
433,14.384506225585938,228455,46390,-7.391353607177734,1654288679,,,,,,,
434,7.193786144256592,229323,46547,-6.141824722290039,1654288836,,,,,,,
435,,230278,46766,,1654289055,0.1292419284582138,10.246395111083984,0.02677798643708229,,,,
436,,231070,46917,,1654289206,0.09951144456863403,6.6165618896484375,0.03334582969546318,,,,
437,3.33703875541687,231099,46921,-8.70831298828125,1654289210,,,,,,,
438,,232232,47160,,1654289449,0.1582980751991272,10.378411293029785,0.05451396852731705,,,,
439,,233087,47341,,1654289630,0.0953902080655098,6.664130210876465,0.028748909011483192,,,,
440,8.398246765136719,233445,47410,-7.227417469024658,1654289699,,,,,,,
441,,234407,47604,,1654289893,0.10615396499633789,5.755661964416504,0.04859734699130058,,,,
442,,234939,47719,,1654290008,0.109815813601017,7.319493293762207,0.036620885133743286,,,,
443,,234999,47727,,1654290016,0.1023002564907074,6.894134521484375,0.03335890918970108,,,,
444,10.522994041442871,236060,47957,-7.073944091796875,1654290246,,,,,,,
445,7.97892951965332,236738,48091,-7.4191460609436035,1654290380,,,,,,,
446,10.391388893127441,236969,48144,-4.976079940795898,1654290433,,,,,,,
447,11.447769165039062,237637,48277,-6.405432224273682,1654290566,,,,,,,
448,,238204,48397,,1654290686,0.0897856280207634,5.33601713180542,0.036425456404685974,,,,
449,,238346,48415,,1654290704,0.1290004402399063,9.822677612304688,0.030773675069212914,,,,
450,,238366,48417,,1654290706,0.11498547345399857,7.224877834320068,0.04273669421672821,,,,
451,,238459,48453,,1654290742,0.10962530970573425,8.255048751831055,0.027074819430708885,,,,
452,17.994644165039062,239038,48575,-8.248573303222656,1654290864,,,,,,,
453,,239374,48641,,1654290930,0.07190770655870438,4.184854507446289,0.03005916066467762,,,,
454,16.64887237548828,239535,48662,-5.727985382080078,1654290951,,,,,,,
455,,240100,48782,,1654291071,0.12539325654506683,10.25106143951416,0.022882649675011635,,,,
456,16.854656219482422,240256,48826,-8.751014709472656,1654291115,,,,,,,
457,11.336152076721191,240972,48965,-9.492420196533203,1654291254,,,,,,,
458,,241334,49036,,1654291325,0.09257326275110245,5.677190780639648,0.03580135479569435,,,,
459,3.9401283264160156,241486,49080,-9.778556823730469,1654291369,,,,,,,
460,,242576,49291,,1654291580,0.1212182343006134,5.638432502746582,0.06483390927314758,,,,
461,,242904,49381,,1654291670,0.13823771476745605,11.16417121887207,0.02659599855542183,,,,
462,16.364437103271484,244490,49704,-7.881169319152832,1654291993,,,,,,,
463,,244549,49711,,1654292000,0.08471941202878952,6.311875820159912,0.02160065434873104,,,,
464,,244661,49748,,1654292037,,,,16.6864,0.4826,0.3464,0.1303
465,,244770,49790,,1654292079,0.09252681583166122,6.322939395904541,0.02929742820560932,,,,
466,,245376,49915,,1654292204,0.08753497898578644,5.73334264755249,0.030201558023691177,,,,
467,7.868009567260742,246685,50180,-11.634292602539062,1654292469,,,,,,,
468,18.433979034423828,246743,50187,-6.680384635925293,1654292476,,,,,,,
469,24.610666275024414,247099,50282,-6.760410308837891,1654292571,,,,,,,
470,,247230,50299,,1654292588,0.11230635643005371,7.880255699157715,0.03350379690527916,,,,
471,6.721869945526123,248431,50550,-5.77195930480957,1654292839,,,,,,,
472,13.27186393737793,252507,51409,-4.857366561889648,1654293698,,,,,,,
473,,252612,51422,,1654293711,0.07150556892156601,2.8327512741088867,0.04317805916070938,,,,
474,,252821,51473,,1654293762,0.1291041225194931,10.561447143554688,0.023489654064178467,,,,
475,,253017,51500,,1654293789,0.0791410356760025,5.986490249633789,0.01927613839507103,,,,
476,,254496,51812,,1654294101,0.11051070690155029,6.937594413757324,0.04113476350903511,,,,
477,,254968,51921,,1654294210,0.12054486572742462,9.457246780395508,0.025972401723265648,,,,
478,,255335,51993,,1654294282,0.1082257404923439,6.691651821136475,0.04130922257900238,,,,
479,,258084,52563,,1654294852,0.09105212986469269,6.334265232086182,0.02770947851240635,,,,
480,,258120,52568,,1654294857,0.10137695074081421,6.883403301239014,0.03254292160272598,,,,
481,,258443,52633,,1654294922,0.09577515721321106,7.2565717697143555,0.02320944145321846,,,,
482,12.973542213439941,258876,52737,-7.3923492431640625,1654295026,,,,,,,
483,,259079,52763,,1654295052,0.1140798032283783,7.893811225891113,0.03514168784022331,,,,
484,,259467,52862,,1654295151,0.07622965425252914,5.445767402648926,0.021771982312202454,,,,
485,,259910,52943,,1654295232,0.12429022789001465,9.03392505645752,0.03395097702741623,,,,
486,19.57964324951172,260441,53060,-6.994285583496094,1654295349,,,,,,,
487,,260486,53066,,1654295355,0.11765168607234955,8.455735206604004,0.033094342797994614,,,,
488,,260669,53113,,1654295402,0.09148310869932175,4.520018100738525,0.04628292843699455,,,,
489,,260823,53133,,1654295422,0.08482930064201355,5.60802698135376,0.02874903567135334,,,,
490,17.373489379882812,261013,53182,-9.352527618408203,1654295471,,,,,,,
491,9.375279426574707,261787,53330,-6.411528587341309,1654295619,,,,,,,
492,19.58778190612793,262040,53387,-4.3760576248168945,1654295676,,,,,,,
493,6.906578540802002,262355,53452,-4.879676818847656,1654295741,,,,,,,
494,17.948490142822266,262474,53492,-5.174171447753906,1654295781,,,,,,,
495,,262916,53573,,1654295862,0.10487028956413269,6.734460830688477,0.037525683641433716,,,,
496,16.29743194580078,262939,53576,-4.325965881347656,1654295865,,,,,,,
497,,263697,53747,,1654296036,0.11302273720502853,8.017258644104004,0.032850153744220734,,,,
